weather,politics,accident,economics,health
weather,elections,road,market price,pandemic
forecast,political campaigns,accident,inflation,health
climate,campaigns,fire,fluctuations,died
humid,political parties,killed,finance,sick
rain,political leaders,died,market down,spreading
cloud,government,injured,price,WHO
rainbow,policy,road blocked,taxes,vaccines
temperature,legislation,ship,tax,epidemic
pressure,political ideology,car,GST,COVID
overcast,political discourse,vehicle,prices,covid-19
shadow,political analysis,delays,savings,virus
shower,political scandals,strike,budget,variants
sunrise,political corruption,crash,expiry,health crisis
dry,political activism,mishap,investing,infectuous
tornado,political participation,hospital,banking,coronavirus
sunset,voting rights,collision,nifty,outbreak
humidity,corruption,fatal,oil prices,global health crisis
cold,geopolitics,car accident,bonds,contagious
heat,alliances,maritime accident,stocks,quarantine
wind,alliance,workplace accident,funds,diseases
windy,political power,industrial accident,funding,lockdown
cloudy,ruling party,accident,crowdfunding,vaccination
wave,opposition,traffic,mutual funds,chronic disease
hurricane,democratic party,hazard,taxation,care
temperature,left wing,risk,rates,fatality rate
atmosphere,right wing,negligence,cryptocurrencies,community spread
air,liberal,emergency,foreign exchange,infected
tsunami,nationalist,blood,accounting,suffering
waves,republican,first aid,export,antivirus
storm,socialist,insurance claim,auditing,plague
cloudless,communist,rescue,payment,hospital
bright,populist,demolished,e-commerce,mental health
blue,independent,building,fintech,kids
gray,nation,trucks,financial technology,children
rainy,country,transport,cash flow,elderlies
heatwave,minority,port congestion,product,illness
snowstorm,majority,ship,goods,unwell
drought,votes,freight,products,fever
flood,riots,freight train,credit,bateria
thunderstorm,outrage,train,loan,asymptomatic
hailstorm,minister,collapse,capital,symptoms
monsoon,PM,breakout,delays,treatment
blizzard,modi,repair,economy,diagnosis
lightning,prime minister,road maintenance,economics,presymptomatic
rainfall,rahul gandhi,reconstruct,feasible,pathogen
temperature drop,mamata bannerjee,construction,volatility,patient zero
dew,BJP,trucks,market fluctuations,antibody
frost,AAP,cranes,stock price,disease
freezing,INC,ambulance,supply,PPE
loo,TMC,collapses,demand,contact tracing
winter conditions,AITC,overturned,supply chain,incubation period
climate change,BSP,caught fire,market prediction,serious condition
storm surge,parliament,violence,price prediction,wellness
heat index,congress,clash,price trends,medical treatment
rainy season,policy changes,lost,import,disability
sun,regulations,implosion,exchange rates,operation
cool,trade wars,explosion,business,heart attack
atmospheric pressure,strikes,tanks,monetary gain,blood pressure
meteorology,farmers,factory,loss,surgery
weather patterns,labourers,burned,gain,fallen ill
flash flood,students,dead,profit,medical insurance
wind chill,politics,deaths,partnership,mediclaim
severe drought,political crisis,locals,discount,diarrhoea
hot,crisis,civilians,supplies,adulteration
snow accumulation,ministers,bus,supplier,food poisoning
wind gusts,gandhi,wreck,wholesale,contamination
weather satellite,ministry,casualties,wholesaler,unhygenic
climate crisis,foreign ministry,casualty,retailer,hygiene
freezing rain,indian government,unfortunate event,retail price,water
heat exhaustion,administration,damage,buyers,medication
ice storm,lok sabha,highway,sellers,prescription
Weather-related fatalities,rajya sabha,derailment,buy,vomit
global impact,state,derailed,sell,stomach
global warming,affairs,tragedy,revenue,thermometer
waterfall,state affairs,trauma,order,doctor
natural disaster,democracy,catastrophe,orders,doctors
seasonal,constituition,missing,factory,nurse
short-term forecasts,law,suffered,factories,nurses
cyclone,judge,sudden,warehouse,pain
earthquake,politician,police,warehouses,painful
seisomometer,reform,fell,manufacturers,wound
landslide,liberty,bridge,materials,wounded
uv index,community,endangered,shortages,cancer
uv rays,justice,misadventure,consumer,allergies
avalanche,legal,drownings,merchants,drugs
calamity,arvind kejriwal,factory accidents,stock market,smoking
